URL;기사 제목;소제목;본문 내용
https://www.bbc.com/korean/articles/c4g285l44g8o;'골란 고원'은 무엇이며, 이스라엘은 이곳에서 무엇을 하고 있나?;골란 고원이란 무엇이며, 누가 점령하고 있나? 골란 고원이 중요한 이유는? 골란 고원에는 누가 살고 있나? 최근 이스라엘은 골란 고원에서 무엇을 하고 있나?;"사진 출처,
GETTY IMAGES 이스라엘군이 시리아와의 국경 지대에 위치한 골란 고원 내 비무장 완충지대 및 시리아 영토 내 여러 거점을 장악하고 나섰다. 이에 대해 베냐민 네타냐후 이스라엘 총리는 시리아의 바샤르 알 아사드 정권이 붕괴한 후 시리아 반군의 공격으로부터 자국을 보호하기 위한 임시 조치라고 말한다. 그러나 이스라엘의 이스라엘 카츠 국방부 장관은 자국 군에게 해당 지역에서 가장 고도가 높은 헤르몬 산에서 올겨울 내내 지낼 준비를 하라고 발표했다. 이스라엘의 이번 골란 고원 점령에 대해 여러 아랍 국가들은 비난하고 나섰다. 골란 고원은 시리아 남서부의 바위산으로 이루어진 고원으로, 지난 반세기 이상 이스라엘이 점령하고 있는 지역이다. 1967년 중동 전쟁(제3차 중동 전쟁) 당시 시리아는 이 골란 고원에서 이스라엘을 향해 폭격을 퍼부었다. 그러나 이스라엘은 신속히 반격해 이곳에서 시리아군을 몰아내고, 골란고원 내 약 1200㎢에 달하는 영토를 차지해 현재까지 군사적으로 통제하고 있다. 시리아는 1973년 욤키푸르 전쟁(제4차 중동전쟁)으로 골란 고원을 탈환하려 했으나 실패했다. 그러던 1974년, 양측은 휴전 협정을 맺어 '분리 지대'라고 불리는 80km 길이의 완충 지대를 설정하고, 이곳에서는 군대를 철수하기로 합의했다. 아울러 '유엔휴전감시군(UNDOF)'이 이곳에 주둔하며 양측이 잘 준수하는지 감시하고 있다 1981년, 이스라엘은 골란 고원 지역을 합병하며 통제하기 시작하는 한편 정착민들을 이곳에 보내 집을 짓게 했다. 이스라엘의 이 같은 주권 주장에 대해 미국을 제외한 국제 사회는 대부분 인정하지 않고 있다. 지난 2019년 도널드 트럼프 당시 미국 대통령은 이를 이스라엘의 영토로 인정하며 수십 년간 이어진 미국 당국의 기존 입장을 깨뜨렸다. 시리아는 이스라엘이 골란 전역에서 철수하지 않는 한 이스라엘과의 평화 협정은 없다는 입장이다. 올해 11월, 이스라엘은 '분리 지대'를 따라 참호를 구축하면서 시리아와 UN의 불만을 샀다. 일부 참호는 완충 지대를 침범하는 것으로 알려졌다. 사진 출처,
GETTY IMAGES 시리아는 이스라엘이 골란 고원을 장악했던 1948년~1967년 사이 이스라엘 북부 전역을 정기적으로 포격하곤 했다. 이 지역의 최고봉은 해발 2814m에 이르는 헤르몬 산(아랍어로는 '자발 알-샤이크'이다). 맑은 날에는 산 정상에서 이곳에서 북쪽으로 약 60km 떨어진 시리아 수도 다마스쿠스와 시리아 남부 지역 대부분이 내려다보인다. 만약 이스라엘이 이 지역을 점령한다면 육안 및 레이더로 시리아 군대의 움직임을 수월하게 감시할 수 있게 된다. 또한 고원까지의 경사는 만약 시리아가 과거 1973년 그랬듯 군사적으로 공격해올 경우 이스라엘에 자연적으로 훌륭한 완충지가 돼 줄 수 있다. 아울러 골란고원은 보통 건조한 이 지역에서 주요 식수 공급원이기도 하다. 골란 고원에 내린 빗물은 요르단강으로 흘러들어 주변 땅을 비옥하게 만들어 포도밭, 과수원, 가축을 키우는 목초지를 유지할 수 있게 해준다. 과거 시리아와 이스라엘 간 평화 협상을 가로막던 주요 장애물 중 하나는 이스라엘이 1967년 이전 국경을 지켜 아예 이곳에서 군사를 철수하라는 시리아 측의 요구였다. 이렇게 되면 시리아는 갈릴리 호수(히브리어로는 '키레넷 호수', 아랍어로는 '티베리아스 호수'라고 부른다) 동쪽 지역을 전부 통제하게 되며, 이스라엘은 주요 식수 공급원을 잃게 된다. 이스라엘은 국경이 갈릴리 호수 동쪽에서 더 멀리 떨어져 설정돼야 한다고 주장한다. 이스라엘 내부적으로는 골란 고원은 전략적으로 되돌려주기에는 너무나도 전략적으로 중요한 곳이기에 계속 유지하자는 여론이 우세하다. 사진 출처,
GETTY IMAGES 골란 고원에 거주하는 아랍계 시리아 주민 대부분은 1967년 전쟁 당시 이미 이 지역을 떠난 상태다. 현재 골란 지역에는 이스라엘 정착촌 약 30곳이 존재하며, 총 2만 명 정도가 거주하고 있는 것으로 추정된다. 이스라엘인들은 1967년 분쟁이 끝난 직후부터 정착촌을 건설하기 시작했다. 정착촌 건설은 국제법상 불법으로 간주되나, 이스라엘은 이에 대해 이의를 제기한다. 이들 이스라엘 정착민과 함께 시리아인도 약 2만 명 정도 이곳에 살고 있다. 대부분 고원이 점령당했을 때 도망가지 않았던 드루즈 종파(이슬람교 시아파 분파) 소속이다. 시리아 측은 원래 자신들의 땅이었기에 반드시 다시 수복하겠다고 다짐하고 있으며, 이스라엘은 이 고원이 자국 방어를 위한 요충지임으로 영원히 손안에 넣고 있겠다고 주장한다. 사진 출처,
GETTY IMAGES 시리아군이 반군에 맞서고자 원래 지키고 있던 골란 고원 내 주둔지에서 이탈하자 이스라엘은 이곳에 군대를 보내 골란고원 내 비무장 완충지대를 장악하고 나섰다. 이스라엘군(IDF) 지휘관들 또한 자국군이 골란고원의 비무장 완충지대를 넘어 작전을 펼치고 있음을 인정했다. 네타냐후 총리는 이에 대해 ""적절한 합의가 이뤄지기 전까지 임시적인 방어 태세""라고 설명했다. 네타냐후 총리는 ""우리는 시리아에서 새롭게 부상하는 세력과 이웃으로서 평화로운 관계를 구축할 수 있길 바란다""면서 ""그러나 그렇게 되지 않는다면 우리는 이스라엘 국가와 우리 국경을 지키기 위한 모든 일을 다할 것""이라고 말한다. 이렇듯 이스라엘 측은 일시적으로 완충지대를 점령한 것이라고 주장하나, 카츠 국방부 장관은 헤르몬 산에 있는 자국군을 향해 올겨울 내내 그곳에 머물 준비를 하라고 전했다. 카츠 장관은 성명을 통해 ""현재 시리아 내부 상황으로 인해 헤르몬 산 점령은 안보적으로 매우 중요하다. 악천후에서도 군대가 그곳에 머물 수 있도록 IDF는 만반의 준비를 해둬야 한다""고 밝혔다. 한편 아랍 국가들은 성명을 통해 일제히 이스라엘의 비무장 완충 지대 점령을 비난하고 나섰다. 이집트 외무부는 지난 10일 ""시리아 영토에 대한 점령 행위이자, 1974년 협정에 대한 명백한 위반""이라고 비난했다. 네타냐후 총리는 반군이 시리아를 점령하면서 1974년 협정이 ""붕괴""했기에 이스라엘은 자국 국경을 지키고자 이 같은 조치에 나선 것이라고 말한다. 그러나 런던 소재 외교안보 싱크탱크인 '채텀 하우스'의 요시 메켈버그 교수는 ""시리아는 해당 협정을 지키지 않겠다고 말한 적이 없다""고 지적했다. ""이스라엘은 자국 안보를 보장하고자 이처럼 선제적 조치에 나섰으나, 군사 행동의 명분(casus belli)이 없다""는 것이다. 많은 전문가들이 이스라엘의 이번 조치가 과연 정당한지에 대해 회의적이었다. 영국 소재 안보 싱크탱크인 '왕립합동서비스연구소(RUSI)'의 H. A. 헬리어 박사는 시리아 반정부 단체가 단기간에 골란 고원을 탈환할 가능성은 매우 적다고 봤다. ""이스라엘과 새로운 분쟁을 일으키기에는 집중해야 할 국내 문제도 산적해 있다""는 것이다. 메켈버그 교수는 이스라엘의 시리아 침공이 향후 들어설 시리아 정부와의 관계를 악화시킬 수 있다고 지적했다. ""이스라엘은 최악의 시나리오에 대비해 이번 작전을 수행한다고 하지만 이는 오히려 역효과를 낳을 수 있습니다. 새로 들어설 정권과 친구가 될 방법은 아니니까요."""
https://www.bbc.com/korean/articles/c93gdglx33ko;윤 대통령 탄핵 여부 결정할 재판관은 누구?;주심 맡은 정형식 재판관...기존 판결은 어땠나 '주심 재판관, 재판 영향 미치지 못한다';"사진 출처,
뉴스1 정형식 재판관이 헌법재판소 탄핵 심판의 주심으로 정해지면서 재판에 미칠 영향에 관심이 쏠린다. 16일 헌법재판소는 윤석열 대통령의 탄핵 사건을 총괄하는 주심 재판관을 컴퓨터 무작위 추첨으로 정 재판관에게 배당했다. 그는 현재 6명의 재판관 중 유일하게 윤 대통령이 지명한 재판관이다. 정 재판관은 전형적인 법관 엘리트 코스를 밟은 인물이다. 서울고와 서울대 법대를 졸업한 후 1985년 사법시험에 합격했다. 이후 수원지법 성남지원 판사를 비롯해 대법원 재판연구관과 대전고법·서울고법 부장판사, 서울행정법원 수석부장판사, 서울회생법원장, 대전고등법원장 등을 거쳤다 그의 성향은 '보수'로 분류되지만, 재판관 취임 후에는 사안에 따라 소신 있는 결정을 내렸다. 지난 5월에는 '서울시 공무원 간첩 조작' 사건의 피해자인 유우성 씨를 추가 기소한 안동완 검사 탄핵 사건에서 김형두·이영진 재판관과 함께 '검사의 법률 위반이 없다'는 소수 의견을 냈다. '종합부동산세 관련' 헌법소원에서는 조정대상지역 내 2주택 소유자에 대한 종부세 부과가 재산권을 침해한다는 의견을 냈다. 반면, 지난 8월 '기후 소송'에서는 정부의 현행 온실가스 감축 목표에 대해 위헌 확인을 요청하는 등 정부의 책임을 적극적으로 인정하는 의견을 냈다. '임신 32주 이전 태아 성별 통보 금지 의료법 조항' 사건에서도 위헌 결정을 낸 6명의 편에 선 바 있다. 윤 대통령 탄핵 심판 관련 변론이 열리면 심리를 진행하는 재판장은 문형배 헌재 소장 권한대행이 맡는다. 변론 기일 지정도 재판장의 역할이다. 원래 헌재는 주심 재판관 정보는 공개하지 않는 원칙을 내세웠지만 헌재 주변에서 정 재판관의 배당 사실이 알려졌다. 문 권한대행은 이와 관련해 17일 입장문을 내고 ""재판관 회의를 거쳐 탄핵 사건 4건을 주심으로 맡고 있는 한 분의 재판관을 배제한 상태에서 무작위 전자 배당을 실시했다""고 밝혔다. 그러면서 ""주심 비공개는 헌법재판소 결정서 작성 방식에 관한 내규 등에 따른 조치였고 이 사건에서 예외를 인정할 근거를 찾지 못했다""고 기존 비공개 원칙에 관해 언급했다. 문 권한대행은 재판관의 성향이 재판에 향방을 가르지 못할 것이라고도 강조했다. 그는 ""변론준비기일은 수명 재판관 2명이 공동으로 관여하고, 변론기일은 재판장 주재하에 재판관 전원의 평의에 따라 진행되므로 주심 재판관이 누구냐는 재판의 속도나 방향에 영향을 미치지 못한다""고 했다. 이날 헌재는 문 대행이 주재한 재판관 회의에서 변론준비절차 회부와 수사 기록 송부 요청 등을 결정했다. 더불어 이 같은 재판관 회의를 향후 매주 2회씩 여는 방안도 검토 중이다. 이후 평의에서는 재판관들이 우열 없이 각자 의견을 제시하며 때에 따라 반대·보충 의견을 결정문에 적는 절차를 거칠 예정이다. 평의는 재판관들이 사건 쟁점을 두고 의견을 나누며 표결하는 절차다. 이 때문에 윤 대통령 사건에서 주심 재판관의 역할은 사실상 문서 송부, 사실조회 신청 등 행정적인 업무를 담당하는 것에 더 가까울 것이라는 해석이 나온다. 사진 출처,
뉴스1 현재 헌재 재판관 6명은 문재인 전 대통령이 지명한 문형배∙이미선(진보 성향) 재판관, 김명수 전 대법원장이 지명한 김형두∙정정미(중도, 중도진보 성향) 재판관, 윤 대통령이 지명한 정형식(보수) 재판관, 조희대 대법원장이 지명한 김복형(중도 보수) 재판관으로 구성돼 있다. 국회는 이달 안에 정원을 다 채운 9인 체제를 완성해 탄핵 심판 심리와 결정에 차질이 없도록 할 방침이다. 다만 문형배 헌재 소장 직무대행과 이미선 재판관이 내년 4월 18일 임기가 만료된다. 이 때문에 재판관 공백이 생기는 4월 이전에 탄핵 결정이 나올 것으로 예측된다."
https://www.bbc.com/korean/articles/c80lp2z9gpmo;트럼프가 공식적으로 대통령이 되는 시점은?;선거 결과 확정 시점은? 이제 트럼프는 대통령인가? 선거일과 취임식 사이 예정된 절차는? 대통령 및 부통령 당선인이 할 일은?;"사진 출처,
GETTY IMAGES 도널드 트럼프 공화당 대선 후보가 이번 대선에서 역사적인 승리를 거두며 다시 한번 백악관에 입성할 예정이다. 카멀라 해리스 민주당 후보와는 치열한 접전을 펼칠 것으로 예상됐으나, 밤사이 개표 결과 트럼프는 승리를 확정할 수 있을 만큼의 표를 확보한 것으로 나타났다. 트럼프는 130여 년 만에 재선에 실패했다 다시 당선된 최초의 전직 대통령이자, 현재 78세로 역사상 최고령 당선인이 될 전망이다. 베냐민 네타냐후 이스라엘 총리, 키어 스타머 영국 총리 등 각국 정상들이 이미 트럼프의 당선을 축하하긴 했으나, 아직 대선 결과는 공식적으로 확정되지 않았다. 앞서 일부 ‘경합’주에서 매우 치열한 접전이 펼쳐지면서 결과를 쉽게 알기 어려울 수도 있다는 우려가 제기되기도 했다. 그러나 전통적으로 공화당 강세인 주에서 승리를 확정하고, 노스캐롤라이나, 조지아, 펜실베이니아, 위스콘신에서도 예상보다 일찍 결과가 나오며 트럼프는 당선을 확신할 수 있는 선거인단 270명을 확보하게 됐다. BBC의 미국 현지 파트너인 CBS 뉴스는 불과 선거 다음날인 6일 오전 5시 30분(EST) 트럼프를 최종 당선인으로 예상했다. 그러나 각 주의 구체적인 선거 결과가 공식적으로 발표되려면 앞으로 며칠 혹은 몇 주가 걸릴 수 있다. 아니다. 트럼프는 이제 대통령 당선인이, 그의 러닝메이트였던 J.D. 밴스는 부통령 당선인이 된다. 트럼프는 내년 1월 20일 월요일 대통령 취임식에서 선서를 하게 되는데, 이 순간을 기점으로 법적으로 대통령직에 따르는 권한과 책임을 맡게 된다. 모든 유효한 표가 최종 결과에 집계되면 선거인단 제도를 통해 선거 결과를 확정 짓게 된다. 각 주마다 배정된 수도 다른 이 선거인단들이 나서 투표를 하게 된다. 유권자들의 지지뿐만 아니라 이들의 지지를 얻어야 궁극적으로 대통령직에 당선될 수 있다. 일반적으로 각 주에서는 주민 투표에서 득표율 1위를 차지한 후보 1명에게 자신들의 주에 배당된 모든 선거인단의 표를 몰아준다. 그리고 선거인단들은 각 주에서 모여 투표를 실시한다. 그런 다음 내년 1월 6일, 미 의회는 상하원 합동 회의를 열고 선거인단의 표를 집계해 차기 대통령을 공식적으로 확정한다. 과거 트럼프가 바이든 후보에 맞서 패배했음을 인정하지 않자 트럼프 지지자들이 국회의사당으로 행진하려고 했는데, 이들이 막으려고 했던 행사가 바로 이 선거 결과를 공식적으로 인증하는 의회 회의였다. 사진 출처,
GETTY IMAGES 트럼프 대통령 당선인과 밴스 부통령 당선인은 정권 인수팀과 협력해 바이든 현 행정부로부터 인수인계를 받게 된다. 인수팀은 정책적으로 우선순위를 파악하고, 새 행정부의 주요 인사 후보자를 검증하고, 정부 역할을 인수받을 준비를 할 것이다. 아울러 트럼프와 주요 인사들은 현재 직면한 위협이나 진행 중인 군사 작전을 다루는 국가 안보 기밀 사항도 보고받기 시작할 것이다. 대통령 당선인과 부통령 당선인은 미국 비밀경호국의 의무 경호 대상이다. 한편 현직 대통령은 보통 선거일 이후 차기 대통령을 백악관으로 초대하곤 한다. 또한 평화적인 권력 이양의 상징으로 후임 대통령의 취임식에도 참석하나, 트럼프는 2020년 바이든의 취임식에 불참했다. 그러나 로널드 레이건 대통령이 시작한 전통에 따라 집무실에 후임자를 위한 친필 메모는 남겼다. 당시 바이든 대통령은 기자들에게 전임자가 “매우 관대한 편지”를 남겼다고 말한 바 있다. 취임식을 치른 새 대통령은 곧바로 업무를 시작하게 된다."
https://www.bbc.com/korean/articles/c75w6rn5kw0o;윤석열 대통령은 왜 갑작스럽게 비상계엄을 선포했을까;어떻게 전개됐나 계엄령이란? 야당이 반발하는 이유는? 6시간만에 계엄 해제;"사진 출처,
REUTERS 점점 커지는 정치적 압박 속에서 한국 윤석열 대통령은 3일 밤 한국 민주주의 역사상 약 50년 만에 처음으로 비상계엄을 선포했으나, 6시간만에 계엄 해제를 선언했다. 밤 10시 25분쯤 전국 텔레비전을 통해 이루어진 이번 비상계엄 선포는 국가 안보와 북한의 위협을 언급했지만, 곧 윤 대통령이 일련의 정치적 실패에 대응하기 위해 이러한 극단적인 조치를 취한 것임이 드러났다. 전문가들은 윤 대통령이 정치적 공격을 방어하기 위한 전술로 군사 통치인 계엄령을 발동할 수밖에 없는 상황에 몰렸다고 분석하고 있다. 하지만 이번 비상계엄 선포는 즉각적으로 국회 밖에서 시위를 촉발했고, 국회의원들은 몇 시간 만에 해당 조치를 불법으로 간주하고 비상계엄 해제 요구 결의안을 통과시켰다. 이에 윤 대통령은 새벽 4시 30분 쯤께 용산 대통령실에서 생중계 담화를 통해 비상계엄의 공식적인 해제를 선언했다. 윤 대통령은 3일 밤 야당의 정치적 공격을 언급한 후 ""혼란을 초래하는 반국가 세력을 척결하겠다""며 비상계엄을 선포했다. 이로 인해 군이 일시적으로 통치를 맡게 되었고, 국회에는 병력과 경찰이 배치되었으며 헬리콥터가 국회의사당 지붕에 착륙하는 모습이 목격됐다. 군은 또한 모든 국회 및 정치 단체의 집회를 금지한다고 발표했으며, 언론 출판물 역시 군의 통제 하에 놓이게 될 것이라고 선언했다. 그러나 야당은 윤 대통령의 선언을 즉각 불법적이며 헌법에 위배된다고 비난했다. 윤 대통령의 소속당인 보수 정당 국민의힘의 당 대표조차도 윤 대통령의 행동을 ""잘못된 조치""라고 지적했다. 한편, 야당 대표인 이재명 더불어민주당 대표는 민주당 의원들에게 국회로 모여 계엄령 선포를 무효화하는 표결을 진행할 것을 촉구했다. 그는 또한 일반 시민들에게도 국회 앞에 모여 시위에 동참해 줄 것을 요청했다. 이 대표는 ""이제 곧 탱크와 장갑차, 총칼을 든 군인들이 이 나라를 지배하게 된다""면서 ""국민 여러분은 국회로 와달라""고 말했다. 수백 명의 시민들이 이 요청에 응답해 삼엄한 경비가 이뤄진 국회 밖에 모였다. 시위대는 ""계엄령 반대! 계엄령 반대!""를 외치며 목소리를 높였다. 현장에서 중계하던 한국 언론들은 국회 입구에서 시위대와 경찰 간 약간의 충돌이 있었다고 보도했지만, 중무장한 군 병력이 있음에도 불구하고 긴장은 폭력 사태로 이어지지 않았다. 국회의원들 또한 방어벽을 피해 국회의사당 내부 투표실로 진입할 수 있었다. 4일 새벽 1시가 조금 지나, 국회는 전체 300명 의원 중 190명이 참석한 가운데 윤 대통령의 비상계엄 선포를 무효화하는 표결을 진행했다. 비상계엄 해제 요구 결의안은 190명 전원이 찬성해 가결됐다. 사진 출처,
REUTERS 계엄령은 비상 상황에서 민간 당국이 제 기능을 하지 못할 때 군 당국이 통치권을 행사하는 임시 체제를 의미한다. 한국에서 계엄령이 마지막으로 선포된 것은 1979년으로, 당시 장기 군사 독재자였던 박정희 대통령이 쿠데타 중 암살되었을 때였다. 이후 1987년 한국이 의원내각제를 채택한 민주주의 국가로 전환한 이후 계엄령은 한 번도 발동된 적이 없었다. 하지만 3일 윤석열 대통령은 ""반국가 세력으로부터 대한민국을 지키기 위해""라는 이유를 들어 계엄령을 발동하며 이 위험한 장치를 다시 꺼냈다. 윤 대통령은 이전 대통령들보다 북한에 대해 훨씬 강경한 입장을 취해 온 인물로, 정치적 야당을 증거 없이 ""북한에 동조하는 세력""이라고 지칭한 바 있다. 계엄령이 발동되면 군대에 추가적인 권한이 부여되며, 시민의 민권과 법적 보호 기준이 정지되는 경우가 자주 발생한다. 사진 출처,
REUTERS 윤석열 대통령은 2022년 5월 취임했지만, 지난 4월 야당이 총선에서 압도적인 승리를 거둔 이후 사실상 ‘레임덕’ 상태에 빠졌다. 그 이후로 윤 정부는 원하는 법안을 통과시키지 못했고, 대신 야당이 통과시킨 법안을 거부하는 데 그쳤다. 윤 대통령의 지지율도 하락세를 보이고 있으며, 몇 건의 부패 스캔들에 휘말려 비난을 받아왔다. 그중 하나는 영부인이 명품 브랜드 디올의 가방을 받은 사건이며, 또 다른 하나는 주식 조작과 관련된 논란이다. 지난달 윤 대통령은 이와 관련해 전국 방송을 통해 사과하며 영부인의 직무를 감독할 사무실을 설립하겠다고 밝혔다. 하지만 야당이 요구한 더 광범위한 조사는 거부했다. 이번 주에는 야당이 윤 정부의 예산을 대폭 삭감하는 법안을 제안했다. 예산안은 대통령이 거부권을 행사할 수 없는 법안이다. 동시에 야당은 영부인에 대한 조사를 실패한 책임을 물어 내각 구성원들과 정부 감사원장을 포함한 주요 검사들의 탄핵도 추진했다. 사진 출처,
REUTERS 사진 출처,
REUTERS 윤 대통령은 계엄 선포 6시간만에 ""어젯밤 11시를 기해 국가의 본질적 기능을 마비시키고 자유민주주의 헌정 질서를 붕괴시키려는 반국가세력에 맞서 결연한 구국의 의지로 비상계엄 선포했다""며 ""그러나 국회의 계엄 해제 요구가 있어 계엄 사무에 투입된 군을 철수시켰다""고 말했다. 윤 대통령은 또 ""즉시 국무회의를 소집했지만, 새벽인 관계로 아직 의결정족수가 충족되지 못해서 오는 대로 바로 계엄을 해제하겠다""고 설명했다. 정부는 이날 오전 4시 30분 국무회의를 통해 '계엄 해제안'을 의결했다고 발표했다. 한편, 야당은 비상계엄 해제만으로는 부족하다며 즉각적인 탄핵 절차에 착수할 가능성을 언급하는 등 윤 대통령에 대한 비판 강도를 최고조로 끌어올렸다. 윤석열 대통령의 계엄령 선포는 많은 사람들을 충격에 빠뜨렸고, 몇 시간 만에 빠르게 전개된 상황은 나라 전체를 흔들어 놓았다. 하지만 야당은 신속히 국회에 집결하여 계엄령 선포를 무효화하는 표결을 진행할 수 있었다. 한국법에 따르면, 국회의 과반수가 계엄령 해제를 요구하는 표결을 하면 정부는 이를 철회해야 하며, 계엄 사령부가 국회의원을 체포하는 것도 금지되어 있다. 윤 대통령의 돌발적인 행동은 스스로를 현대 민주주의 국가로 자부하는 한국 사회에 큰 충격을 안겼다. 이는 독재 시절 이후 민주주의 사회로 도약한 한국에서 몇 십 년 만에 최대의 도전으로 여겨지고 있다. 우원식 국회의장은 4일 다음과 같이 선언하며 국민과 함께 민주주의를 지켜나갈 것을 다짐했다. ""국민과 함께 민주주의 헌정 질서를 반드시 지켜낼 것입니다."""
https://www.bbc.com/korean/articles/c159vendkl8o;'탄핵 집회', 20대 여성 가장 많고 20대 남성은 가장 적었다 이유가...;20대 남성 비중이 줄었다 '보수화'라는 키워드로 설명 어려워 군대가 중요 변수? '10만 vs100만'... 매번 추산치가 다른 이유는?;"사진 출처,
GETTY IMAGES 지난 7일 윤석열 대통령의 탄핵을 요구하는 범국민 집회에서 20대 남성의 참여율이 전체의 약 3.3%로 과거에 비해 확연히 낮은 수치를 기록했다. 20대 여성의 경우 전체 참가자 20만 2228명(추산)의 약 17.7%를 차지해 가장 높은 참여율을 보였으며, 이 수치는 과거 전국민적인 관심을 모았던 2008년 광우병 촛불집회와 2016년 탄핵집회와 비교해도 큰 차이를 보이지 않았다. 반면 남성의 경우 10%대 초중반을 기록했던 이들 시점에 비해 그 수치가 크게 떨어졌다. BBC코리아가 서울시 생활인구 데이터를 토대로 7일 가장 많은 인파가 몰렸던 오후 4시의 연령대별, 성별 집회 참가 인원을 조사한 결과 이같은 결과가 나왔다. 조사 대상은 서여의도 지역이었으며, 평상시 상주 인구를 제외하기 위해 12월 7일 4시의 생활인구에서 일주일 전인 11월 30일 같은 시간대의 서여의도 상주인구를 빼는 방식으로 추산했다. 7일 오후 4시 기준 여의도 집회의 20대 여성 참가자 수는 3만 5926명으로 전체의 약 17.7%를 차지해 가장 높았고, 다음으로는 50대 남성이 약 3만50명으로 전체의 약 15%를 차지하며 뒤를 이었다. 반면 20대 남성 참가자 수는 약 6730명으로 전체의 3.3%에 불과했다. 이번 분석 결과를 2008년 '미국산 쇠고기 수입 반대 촛불집회', 2016년 '박근혜 퇴진 촛불집회' 참여자 구성 연구와 비교해봤다. 각각의 연구는 대규모 인원이 모였던 2008년 6월 6일과 2016년 11월 26일에 연구자들이 직접 표본을 조사하는 방식으로 이뤄졌으며, 각각 1347명, 2058명의 표본을 대상으로 했다. 양일의 경찰측-주최측 추산인원은 5.6만-20만, 33만-190만 명이다. 이에 대해 2016년 '탄핵 집회'를 오랫동안 연구해온 신진욱 중앙대 사회학과 교수는 대규모 집회를 대상으로 한 표본 조사의 경우 ""어느 시점, 어느 지역을 조사하느냐에 따라 편차가 굉장히 크기 때문에 유보적으로 접근해야 한다""면서도, 20대 남여의 참여율이 일관되게 차이를 보이는 경향은 눈여겨볼 만하다고 말한다. 2008년과 2016년의 20대 남성 참여율은 각각 약 13.7%와 약 12.3%였다. 반면 지난 7일 집회의 20대 남성 참여자 비율은 3.3%로 이전에 비해 크게 떨어진 모습을 보였다. 반면 최근 큰 주목을 받고 있는 20대 여성의 참여율은 과거와 비슷한 수준에서 약간 줄어든 모습이다. 윤석열 대통령의 지지율과 20대 남성의 집회 참여율의 연관성은 높지 않다. 실제 13일 나온 한국갤럽의 여론조사에서 18세부터 29세 사이의 응답자 중 무려 93%가 '윤 대통령이 국정 운영을 잘못하고 있다'고 답했다. '잘하고 있다'는 응답은 3%에 불과했다. 한국갤럽은 주간 조사에선 각 연령대 안에서 남여를 나눈 결과는 발표하지 않았다. 갤럽의 한 관계자는 ""성별, 연령별로 나눌 경우 표본이 작아져 신뢰도가 낮아지기 때문에 별도로 분석하지 않았지만, 이번 수치는 남여에서 큰 차이를 보인다고 보기 어려울 정도로 압도적이라고 본다""고 답했다. 전문가들은 20대에서 남여의 참여율이 큰 차이를 보이는 것에 대해 '보수화'라는 단순한 키워드만으로는 설명하기는 어렵다고 지적한다. 신진욱 교수는 ""2008년부터 20대 내에서 일관된 차이를 보이고 있다""면서, 이런 경향이 ""성별로 다른 세대 문화와 관련이 있을 가능성이 있다""고 말한다. 그는 ""여학생들의 경우 SNS를 통해 ""온・오프라인을 넘나들며 활발히 소통하는 ""커뮤니케이션 네트워크 형성이 비교적 잘 되는 경향이 있다""면서 아이돌 팬덤 문화를 그 예로 들었다. ""야광봉이나 방석 패딩 등으로 대변되는 콘서트 문화가 야간 옥외 집회의 문화적인 성격들과 굉장히 싱크로율이 높습니다."" 반면 ""남학생의 경우 일상적으로 형성돼있는 커뮤니티 문화가 적은 편""이라고 지적한다. 사진 출처,
GETTY IMAGES ""남성들은 20대 초반에 군대에 갔다오면서 온라인 커뮤니티의 접속 단절이 발생해요."" 연령, 성, 지역 등 다양한 변수에 따른 국내 유권자들의 정치성향을 연구해온 정치학자 서복경 더 가능연구소 대표도 '온라인 커뮤니티'의 중요성을 강조하면서 한편으로 '군대'라는 변수에 주목한다. 서 대표는 ""2010년대 이후 온라인 커뮤니티가 정치적 학습과 토론의 중심""이 되면서 ""일상적으로 접하는 커뮤니티의 수가 많아질수록 집회 참여 같은 직접적인 정치 행위로 나아갈 가능성이 높아진다""고 말한다. ""어떤 정보를 접했다고 해서 바로 거리로 나가지 않아요. 예를 들어 해시태그를 붙인다든지, 기부를 하든지, 탄원서에 서명을 하든지, 낮은 수준의 집단 행동에 참여해 본 경험이 많을수록 거리로 나갈 확률이 높아지거든요."" 서 대표는 그런데 ""여성들은 고등학교 때부터 여러 커뮤니티 생활을 이어가며 23~24세 정도 되면 관계맺고 있는 커뮤니티의 수가 늘어나""는 반면 ""20대 초반에 군대에 가는 남성들은 이런 점에서 2년여의 공백이 발생한다""고 말한다. 또 서 대표는 ""군에서 휴대폰을 사용한 이후에도 사용 시간이 극히 제한되기에 상황은 크게 다르지 않다""며 ""정보 유통 환경이 크게 바뀐 속에서 20대 초반 남성들은 전반적으로 정보 소외자 위치에 있다""고 덧붙였다. 그는 이어 ""사회적인 이슈에 대한 인식 등이 30대 초중반 정도 되면 남녀가 수렴""하는 경향을 보이지만, ""20대 초중반의 경우 정보 접근성이나 사회 참여 경험의 축적 정도가 남여에서 차이가 난다""고 분석했다. 그러면서 정치 공론장의 중심이 오프라인에서 온라인 공간으로 옮겨가면서 점점 이같은 차이가 커지고 있다고 말한다. ""온라인 커뮤니티를 중심으로 또래 집단의 정보망이 활성화된 2010년대 이후 이런 경향이 심화되고 있어요."" 사진 출처,
GETTY IMAGES 중앙대 사회학과 서찬석 교수는 지난 대선 당시 20대 남성과 여성이 윤석열 대통령에 대해 정반대의 투표 성향을 드러냈던 것에 주목했다. 당시 윤 대통령의 득표율은 20대 남성에서 58%, 여성에서 33.8%를 기록했다. 반면 이재명 당시 더불어민주당 후보에 대한 득표율은 20대 남성이 36.3%, 여성이 58.7%를 기록하며 정반대의 경향을 보였다. ""20대 남성의 경우 윤 대통령에 대한 지지를 철회한 정도이지 그 이상으로 나아가진 않은 단계라고 봅니다."" 서 교수는 ""20대 여성들의 경우 윤대통령의 반페미니즘적, 권위주의적인 성향에 대체로 오랜 기간 반감을 유지해왔던 반면, 남성들은 이번 (계엄)사태로 돌아선 정도로 보인다""고 분석했다. 그는 또 ""20대 남성의 이재명 대표에 대한 반감은 에브리타임 등 커뮤니티에서 지속적으로 확인되고 있다""며 민주당 혹은 이 대표에 대한 반감도 하나의 중요한 변수일 가능성에 대해 지적했다. 전문가들은 그러나 아직은 좀 더 분석이 필요한 단계라고 입을 모은다. 서복경 대표는 ""2010년대 이전엔 세대 안에서 성별을 나눠서 조사하지 않았다""면서 이제는 보다 구체적인 분석이 가능해진 만큼 ""앞으로 좀 더 면밀히 분석해야 할 영역""이라고 말한다. 한편 집회 규모에 대한 논란은 이번에도 계속되고 있다. 이번 7일 탄핵 집회 참여 인원 추정치는 경찰 추산 10만 명, 주최측 추산 100만 명으로 격차가 컸기 때문이다. 이번에 서울시 생활인구 자료를 통해 가장 많은 인파가 몰렸던 오후 4시 기준으로 집계한 추산치는 약 20만 2200명이었다. 대규모 집회 때마다 경찰측 추산치와 주최측 추산치가 크게 차이 나는 이유는 이 둘이 전혀 다른 집계 방식을 쓰기 때문이다. 경찰에서는 사람이 가장 많은 특정 시점을 기준으로 계산한다. 당일 상황에 따라 한 평(3.3㎡)당 몇 명의 인원이 들어가는지를 정한 후 집회가 열렸던 전체 면적에 그 인원수를 곱해 계산하는 방식이다. 이 방식의 단점은 한 시점만을 기준으로 했기에 그 시점 이전과 이후에 들어오거나 나간 사람들을 빠뜨릴 수 있어 실제보다 규모가 축소되어보일 수 있다는 점이다. 반면 주최측에서는 보통 집회에 잠깐이라도 참가한 인원을 모두 더하는 '연인원 집계방식'을 택한다. 집회 도중 들어오거나 빠진 사람과 현장에 잠시라도 머문 사람 등을 모두 더해 전체 참가자를 구하는 방식이다. 최근엔 인근 지하철역 승하차 인원 통계, 통신기기 사용량 등 상황에 따라 다양한 자료가 활용해 집계한다고 알려져 있다. 이 방식은 왔다갔다 한 참가자가 중복 계산되거나 주변에 있는 일반 시민까지 참가자로 집계할 수 있어 추산치가 실제보다 부풀려질 수 있다는 단점이 있다. 집회 인원 추산 방법을 연구한 김학경 성신여대 융합보안공학과 교수는 ""목적에 따라 집계 방법이 달라지기 때문에 어느 한 쪽이 맞고 어느 한 쪽이 틀리다고 볼 수는 없다""고 지적한다. 그는 ""경찰은 가장 많은 한 시점을 기준으로 안전이나 통제를 위한 인원을 배치해야 하기 때문에 연인원을 측정할 필요가 없다""며, 반대로 ""주최측의 경우 참가인원이 집회의 성공 여부와 관련이 있기 때문에 특정 시점만을 기준으로 할 수 없다""고 말한다. 김 교수는 이어 생활인구를 바탕으로 한 데이터 등 새로 소개되고 있는 방법에 대해서도 ""각각의 장단점이 있으며 목적에 따라 사용될 필요가 있다""고 말한다. 이번 분석의 대상이 된 서울시의 생활인구데이터는 서울시가 KT의 기지국에서 제공하는 정보를 통해 가공해서 공개하는 자료다. 이 데이터는 특정 시점에 서울시의 각 KT기지국에 잡힌 LTE 신호가 성별 연령별로 몇 건인지를 집계한 다음, 이를 보정하는 과정을 거쳐 특정 시점에 해당 지역에 생활중인 인구를 추산한다. 보정 과정에선 전체 인구 중 KT 가입자 비율, KT 가입자 중 LTE 가입자 비중 등을 이용해 역산하고, 10세 미만 저연령층과 80세 이상 고연령층은 LTE 가입률이 현저히 낮기 때문에 이들은 주변 연령층 주민등록인구 비율만큼 곱하여 산출한다."
https://www.bbc.com/korean/articles/cwy3exx62nwo;BBC 카메라에 담긴 1950년 12월, 평양이 함락하던 순간;전세를 뒤집다 핵 위협 '다시 원점으로';"사진 출처,
GETTY IMAGES 1950년 12월, 평양이 함락되던 한국전쟁(6·25 전쟁)의 결정적 순간을 BBC 카메라맨이 포착했다. BBC 인히스토리(In History)는 한국전쟁이 어떻게 국토와 국민을 황폐화시키고, 한반도의 미래를 정하고, 세계를 핵 재앙 직전으로 몰아넣었는지 살펴본다. 1950년 12월 5일, BBC는 불타는 평양을 벗어나기 위해 필사적인 사람들의 모습을 방송했고, ""평양 밖으로 나가는 모든 길이 난민으로 가득했다. 하지만, 목적지를 아는 사람은 거의 없었다""고 보도했다. 보도에는 BBC 카메라맨 시릴 페이지가 평양을 떠나기 전 촬영한 영상이 사용됐다. 중국군이 온다는 소식에 혼란과 공포가 들어차고 있었다. 점령 중이던 유엔군의 철수 소식도 들려오자, 페이지는 상황을 기록하기 위해 거리로 나섰다. 겨울의 혹한 속에서 건물이 불타고 연기가 피어올랐다. 페이지는 겁에 질린 사람들이 잡히는 대로 손에 들고 피난하는 모습을 촬영했다. 주민들이 공포에 질려 대피하는 모습은 더글러스 맥아더 장군이 이끄는 유엔군의 우위가 뒤집히던 극적인 반전을 상징적으로 보여줬다. 불과 몇 주 전, 맥아더 장군은 해리 트루먼 당시 미국 대통령에게 한국을 통일할 준비가 됐다고 장담했다. 그러나 평양이 함락되고 북한을 향한 군사 공세가 완전히 무너지자, 맥아더는 전면적인 핵전쟁을 고려하기 시작했다. 한국전쟁의 혼란과 유혈 사태는 6개월 전부터 시작됐다. 한반도는 2차 세계대전이 끝나기 전까지 잔혹한 일제 강점에 신음하고 있었다. 미국은 전시 동맹국이었던 소련에 일본이 항복하면 일시적으로 한반도를 나눠 통치하기로 제안했다. 일본군 철수를 수습하는 데 도움이 될 것이라는 생각이었다. 1945년 초강대국 미국과 소련은 38선이라는 임의의 경계선을 따라 한반도를 둘로 나눴다. 소련은 북쪽의 조선민주주의인민공화국에서 김일성을 지원했고, 미국은 남쪽의 대한민국에서 이승만을 지원했다. 새로 탄생한 두 정부는 처음부터 상대 정부의 정통성이나 분계선을 인정하지 않았다. 런던대학교 SOAS 한국학 센터의 오웬 밀러 박사는 2024년 BBC 히스토리 매거진 팟캐스트에서 ""한반도에 살던 사람들은 어떤 식으로든 상대 정부의 정당성이나 의의를 인정하지 않았다. 아무런 의미가 없다고 생각했다""고 말했다. 양측 지도자 모두 무력 통일을 원했다. 1949년, 미국과 소련은 한국에서 점령군 대부분을 철수했지만, 끓어오르는 긴장을 누그러뜨리지는 못했다. 사실상의 국경선이 된 38선을 따라 피비린내 나는 충돌이 멈추지 않았다. 1950년 6월 25일, 북한의 공산주의 지도자 김일성이 움직였다. 이른 새벽, 잘 훈련된 전투 병력을 이끌고 38선을 넘어 기습을 감행한 것이다. 소련제 무기로 무장한 북한군은 순식간에 남한 군대를 압도했다. 북한군은 며칠 만에 남한의 수도 서울을 점령했다. 많은 사람들이 공산당에 충성을 맹세하거나 투옥 또는 처형당하는 선택지를 강요 받았다. 미국의 트루먼 대통령은 북한의 공격 속도와 성공에 당혹했다. 트루먼은 한 나라가 공산주의에 함락되면 다른 나라들도 뒤따를 것이라는 '도미노 이론'을 믿었고, 새로 구성된 유엔(UN)에 남한을 방어해 달라고 호소했다. 소련은 이 투표에 거부권을 행사할 수도 있었다. 하지만, 당시 소련은 중화인민공화국을 인정하지 않기 위해 유엔 안전보장이사회를 보이콧하고 있었다. 그 결과, 1950년 6월 28일 모든 유엔 회원국에 북한군 격퇴를 촉구하는 결의안이 통과됐다. 2차 세계대전 말 일본의 항복을 받아낸 미국의 맥아더 장군이 유엔 연합군 사령관으로 임명됐다. 미국은 가장 먼저 대응해 일본에 주둔 중이던 군대를 급파했다. 하지만, 미군은 한반도를 빠르게 휩쓸고 내려와 우위에 있던 북한군에 맞서기에는 역부족이었고, 결국 밀려났다. 전투가 격화되면서 충돌에 휘말린 수천 명의 민간인이 숨졌다. 9월이 되자 한국군과 유엔군은 남쪽 끝 부산항 주변의 작은 거점만을 남기고 벼랑 끝으로 밀려났다. 북한이 한반도 통일을 눈앞에 둔 것처럼 보였다. 맥아더 장군은 리스크를 안고 도박을 했다. 북한군 전선 깊숙이 위치한 인천항에 해상 공격을 시도하기로 결정한 것이다. 1950년 9월 15일, 유엔군은 집중 포격을 받으며 상륙해 인천항을 점령한 뒤 서울 탈환을 위해 빠르게 이동했다. 유엔군이 서울을 탈환한 뒤, 이전 점령군에게 충성을 맹세했던 수만 명의 사람들이 협력자라는 이유로 남한군에 의해 총살당했다. 이는 한국전쟁 동안 벌어진 무차별적이고 끔찍한 민간인 대량 학살 중 하나였다. 밀러 박사는 ""전쟁 중에 많은 학살이 자행됐다. 최전선이 아니라, 전선에서 멀리 떨어진 곳에서 충성이 의심되는 사람들을 모아놓고 학살했다""고 말했다. 인천상륙작전은 북한군의 보급선 및 통신 차단을 성공시켰고 유엔군은 부산을 탈출해 치열한 반격에 나설 수 있었다. 이로써 전세는 역전됐고, 북한군은 38선을 넘어 북쪽으로 후퇴할 수밖에 없었다. 그러나, 유엔 결의안을 통과시킨 맥아더는 공산군을 완전히 격멸하기로 결심했고 38선을 넘어 북한군을 추격하도록 명령했다. 1950년 10월 19일, 유엔군은 평양을 점령하고 중국 국경의 압록강을 향해 진격 중이었다. 몇 달 전만 해도 남한이 위태로워 보였던 전황이 완전히 역전된 듯했다. 트루먼은 중국뿐 아니라 이 무렵 원자폭탄을 개발한 러시아까지 끌어들일 경우 또 다른 세계대전으로 확전될 것을 염려해 전쟁 격화를 주저했다. 하지만, 맥아더는 친서방 성향의 남한 지도부와 함께 한반도를 다시 통일할 수 있는 빠르고 확고한 승리가 눈앞에 있다고 확신했다. 맥아더는 트루먼 대통령에게 크리스마스까지 전쟁이 끝날 것이라고 장담했다. 그러나, 유엔군의 빠른 진격은 국경 너머에 있던 중국 공산당 지도자 마오쩌둥을 불안하게 만들었다. 마오쩌둥은 적대적인 서방의 군사력이 중국 문턱에 다가오는 것을 두려워했고, 중국 군대에 비밀리에 국경에 모여 맥아더의 진격에 맞서도록 명령했다. 11월 말, 중국이 한국전쟁의 전황을 다시 한번 갑작스럽게 뒤집어 놓은 것이다. 수천 명의 중국군이 유엔군을 향해 일련의 파괴적 공격을 가했다. 맥아더의 군세는 막대한 손실을 입었다. 겨울철 혹한에도 시달리면서 불과 몇 주 전에 점령했던 넓은 영토에서 물러나야 했다. 중국군은 청천강 전투에서 유엔군에 치명적인 패배를 안겼다. 미 해군은 부대 역사상 가장 대대적이고 피비린내 나는 후퇴를 경험해야 했다. 중국의 공격이 기세를 올리는 가운데, 두 달 전 유엔군에 점령당했던 평양 시민들은 다시 폭풍의 중심에 서게 됐다. 중국의 가차 없는 진격을 멈추지 못한 맥아더는 평양 포기를 결정했다. 유엔군은 철수 준비를 시작했다. 다가오는 중국군에 도움이 될 만한 모든 보급품과 장비를 불태우도록 명령받았다. 평양의 수많은 건물이 화염에 휩싸였다. 북한군과 중국군이 유엔군을 도왔다고 의심되는 사람을 숙청하겠다고 위협하자, 겁에 질리고 지친 수천 명의 평양 시민이 도시를 빠져나갔다. 사람들은 자칫 발이 묶이지 않도록 군대가 떠날 때 필사적으로 대동강을 건넜다. 페이지는 영하의 날씨에 영국군의 감시를 받으며 이들의 모습을 촬영했다. BBC는 ""군용 차량의 이동이 우선이기 때문에 피난민들은 평양 남쪽의 대동강 다리를 건널 수 없었다""고 보도했다. 미군 공병대는 북한군의 진격을 늦추기 위해 마지막 군용 차량이 다리를 건너면 다리가 폭파되도록 장치를 설치했다. 보도는 계속 이어졌다. ""그러나 도시에 남겨질 것이 두려웠던 수천 명의 사람들이 강가로 향했습니다. 강변에서는 온갖 종류의 선박이 사람을 실어 나를 준비를 하고 있었습니다."" 페이지 본인도 해가 지기 전에 비행장을 떠나라는 명령을 받았다. 페이지가 비행장에 도착했을 때, 비행장 대부분이 불타고 있었다. 유엔군은 북한군이 사용할 가능성이 있는 모든 물자를 파괴하느라 분주했다. BBC는 ""어둠이 내리자 불타는 격납고와 작업장이 밤하늘을 밝혔다""며, ""자정 무렵에는 비행장 근처 수백 채의 민가도 화염에 휩싸였다""고 보도했다. 페이지는 비행기에서 마지막으로 평양을 촬영했다. 한때 맥아더의 승리를 상징했던 평양이, 이제는 맥아더의 전략 실패를 상징하는 것처럼 보였다. BBC는 ""카메라맨이 평양 비행장을 떠났을 때는 새벽이 가까웠다""며 ""카메라맨은 거의 마지막으로 이륙한 비행기에서 아래를 내려다봤다. 유엔군이 후퇴하는 모습이 보였다. 남쪽으로 향하는 도로는 끝없이 이어지는 차량 행렬로 인해 먼지 구름으로 뒤덮여 있었다""고 보도했다. 한국 전황이 급격히 악화되는 가운데, 트루먼과 맥아더는 전쟁 수행을 두고 계속 충돌했다 1950년 12월 6일, 중국군과 북한군이 평양에 다시 진입하면서 미국의 종전 전략은 훨씬 더 위험한 방향으로 치닫기 시작했다. 트루먼은 항상 맥아더와 불편한 사이였다. 맥아더 장군이 대통령의 권한을 침범하고 명령을 무시하는 경향이 있었기 때문이다. 이제 한반도 전황이 급격히 악화되는 가운데, 트루먼과 맥아더는 전쟁 수행을 두고 계속 충돌했다. 맥아더는 마오쩌둥 개입에 대한 트루먼의 우려를 과소평가했고, 이제는 공개적으로 전쟁 확대를 주장하기 시작했다. 맥아더는 공산군이 한반도에서 무기를 내려놓지 않으면 미국이 핵무기을 내세워 위협하고 중국 본토를 폭격해야 한다고 주장했다. 맥아더뿐만 아니라 한국전쟁 당시 미 전략공군사령부 수장이었던 커티스 르메이 사령관도 선제공격을 지지했다. 핵전쟁을 동경했던 르메이는 이후 '쿠바 미사일 위기' 당시 핵미사일 기지 폭격을 허용해야 한다고 존 F. 케네디 대통령을 설득하려 시도하기도 했다. 이러한 핵무기 사용 주장은 클레멘트 애틀리 영국 총리를 비롯해 한국전쟁에 휘말린 다른 유엔 회원국을 크게 놀라게 했다. 애틀리 총리는 워싱턴 DC로 날아가 반대 의사를 밝힐 정도였다. 그러나 맥아더 장군은 자신의 계획이 성공할 것이라고 확신했다. 미국이 중국을 공격해도 러시아가 겁을 먹고 아무 조치도 취하지 않을 것이라고 믿었다. 1950년 12월 9일, 맥아더는 핵무기 사용 재량권을 공식 요청했다. 트루먼은 요청을 반려했다. 2주 후, 맥아더는 중국 본토를 포함하는 공격 대상 목록을 제출하고 필요한 원자폭탄 수량을 나열했다. 맥아더는 필요에 따라 핵무기를 사용할 수 있도록 사령관에게 재량권을 부여해 달라고 국방부에 계속 요구했다. 1950년 12월 말, 유엔군은 38선 밖으로 밀려났다. 1951년 1월 중국군과 북한군은 폭격으로 파괴되고 사면초가에 몰렸던 서울을 탈환했다. 밀러 박사는 ""대통령이 르메이와 맥아더 같이 핵무기 사용을 원한 사령관들의 의견에 귀를 더 기울였다면 핵무기를 사용했을 수도 있었을 것""이라고 말했다. ""그런 사령관들은 '사용도 안 할 핵무기를 보유해서 무슨 의미가 있냐'고 생각했습니다."" 트루먼은 맥아더를 통제할 수 있을지 확신할 수 없었다. 맥아더의 공격적인 태도가 3차 세계대전을 촉발할 수 있다는 우려가 커지자, 트루먼은 1951년 4월 불복종을 이유로 맥아더를 해임했다. 한국전쟁은 2년 더 이어졌다. 서울을 손에 넣은 진영이 네 번 바뀌었다. 어느 쪽도 결정적인 승리를 거두지 못한 채 피비린내 나는 장기 소모전이 이어졌다. 밀러 박사는 ""한국전쟁 최대의 아이러니 중 하나는, 1951년 봄 두 진영의 최전선이 당초 분단선이었던 38선에서 그리 멀지 않았다는 것""이라고 말한다. ""양측 모두 막대한 손실과 민간인 피해가 발생했지만, 결국 다시 원점으로 돌아간 것입니다."" 남한과 북한은 1953년 휴전으로 전쟁을 끝냈지만 평화협정(종전협정)은 체결하지 않았다. 즉, 엄밀히 말하면 양국은 여전히 전쟁 중이다. 이 충돌은 한반도에 엄청난 피해를 입혔다. 다양한 추정치가 있지만, 한국전쟁 동안 약 400만 명이 사망했고 이 중 절반은 민간인이었던 것으로 추정된다. 또한, 그보다 더 많은 사람들이 고향을 잃거나 기아에 시달렸다. 공중 융단 폭격으로 전국이 황폐해졌고, 온 마을과 도시가 파괴됐다. 분단으로 생이별한 가족들은 다시 함께할 수 없었다. 수십 년이 지난 지금도, 두 나라는 얼어붙은 갈등에 붙잡혀 있다. 둘을 갈라놓은 250km 길이의 비무장 지대는 군인 수백 명의 경계 속에서 지뢰로 덮여 있다. 끝나지 않은 전쟁의 유산이다."
https://www.bbc.com/korean/articles/c3rq9xp5zwno;'윤 대통령 탄핵 심판' 가를 쟁점 세 가지;쟁점1: 비상계엄 요건을 충족했나? 쟁점2: 계엄 포고령은 합법적이었나? 쟁점3: 국헌을 어지럽힌 내란을 일으켰는가?;"사진 출처,
GETTY IMAGES 윤석열 대통령에 대한 탄핵소추안이 14일 국회에서 가결되면서 헌법재판소의 탄핵 심판이 본격적으로 시작됐다. 헌재는 이 사건에 사건 번호2024 헌 나8을 부여했다. 헌재는 국회에서 가결한 탄핵소추 사유를 중심으로 탄핵 심리를 진행하게 된다. 앞서 국회를 통과한 윤 대통령에 대한 두 번째 탄핵소추안에는 비상계엄 요건 미비, 위헌적 포고령, 형법상 내란죄 등 크게 3가지 탄핵 사유가 제시됐다. 우선 내용 측면에서는 헌법이 규정하고 있는 계엄령 선포 조건을 충족했는지가 쟁점이다. 헌법 제77조 제1항은 대통령의 계엄령 선포 조건을 '전시·사변 또는 이에 준하는 국가비상사태에 있어서 병력으로써 군사상의 필요에 응하거나 공공의 안녕질서를 유지할 필요가 있을 때'라고 정의하고 있다. 윤 대통령은 지난 3일 비상계엄 선언 당시 ""북한 공산 세력의 위협으로부터 자유대한민국을 수호하고 우리 국민의 자유와 행복을 약탈하고 있는 파렴치한 종북 반국가 세력들을 일거에 척결하고 자유 헌정질서를 지키기 위해 비상계엄을 선포한다""라고 발표했다. 헌재는 윤 대통령이 밝힌 해당 사유들이 헌법에서 규정하고 있는 '전시·사변 혹은 국가비상사태'로 볼 수 있는지, '공공의 안녕질서를 유지하기 위해' 계엄이 필요한 상황이었는지 판단하게 된다. 사진 출처,
REUTERS 지난 12·3 계엄령은 절차적 문제도 지적된다. 계엄법 제2조에 따르면 '국방부 장관 또는 행정안전부 장관은 계엄 사유가 발생한 경우 국무총리를 거쳐 대통령에게 계엄의 선포를 건의할 수 있다'고 규정하고 있다. 한덕수 총리(현 대통령 권한대행)는 지난 13일 비상계엄 선포 건의가 국무회의에서 자신을 거치지 않고 윤석열 대통령에게 직접 이뤄졌다고 밝혔다. 이날 국회에서 열린 긴급현안질의에 출석한 한 총리는 ""국무총리를 거쳐 대통령에게 계엄 선포를 건의했느냐""는 더불어민주당 이재정 의원의 질의에 ""전혀 알지 못했고 저를 거치지 않았다""라며 ""사법절차를 따라 (판단할 일)""이라고 말했다. 따라서 총리를 거치지 않고 계엄 선포가 건의됐다면 계엄법상 위반으로 볼 수도 있기 때문에 헌재는 이 부분도 검토할 것으로 보인다. 사진 출처,
REUTERS 계엄사령관으로 임명됐었던 박안수 육군참모총장 명의로 발표된 '포고령 1호'의 위헌성도 헌재가 심사하게 될 쟁점 가운데 하나다. 포고령 1호를 누가 어떻게 작성했는지는 아직 불분명하다. 지난 5일 국회 국방위에서 박 총장은 포고령은 누가 만들었냐는 질문에 ""정확히 모르겠다""는 말을 반복했다. 대통령에 계엄을 건의할 권한이 있는 이상민 행정안전부 장관 역시 이 자리에서 ""포고령은 저희가 관여를 안 했다""며 ""전혀 모른다""고 말했다. 다만 김용현 전 국방부 장관은 검찰 수사에서 자신이 초고를 작성하고 윤 대통령과 상의해 최종본을 완성했다고 진술한 것으로 알려졌다. 국군 방첩사령부가 관여했다는 의혹도 있다. 포고령에서 가장 문제가 되는 부분은 '정치활동 금지' 내용이다. 포고령 1호 1조에는 '국회와 지방의회, 정당의 활동과 정치적 결사, 집회, 시위 등 일체의 정치활동을 금한다'고 명시됐다. 이에 대해 국회는 헌법·계엄법 어디에도 비상계엄을 발동한 대통령에게 정치활동을 금지하는 권한을 부여하지 않았다는 부분을 들어 위헌임을 강조하고 있다. 또한 포고령 1호로 국회가 보유한 계엄령 해제요구안 심의·표결권도 침해됐다고 봤다. 윤 대통령은 이에 관해 명확한 입장을 밝힌 적이 없다. 윤 대통령은 내란죄 혐의도 받고 있다. 형법 제87조에 따르면 내란죄는 ""대한민국 영토의 전부 또는 일부에서 국가권력을 배제하거나 국헌을 문란하게 할 목적으로 폭동을 일으킨 자""에게 적용된다. 여기서 '국헌을 문란하게 한다'는 것의 의미는 제91조에 '헌법에 의하여 설치된 국가기관을 강압에 의하여 전복 또는 그 권능 행사를 불가능하게 하는 것'으로 정의돼 있다. 계엄령 포고 이후 가장 논란이 됐던 것 중의 하나는 계엄군의 국회 진입이었는데, 국회는 이 조항을 들어 계엄군이 국회 경내에 진입해 본청 진입을 시도한 것은 내란죄에 해당하는 행위로 보고 있다. 앞서 97년 4월 전두환·노태우 전 대통령에 대한 판결의 경우, 헌법에 보장된 국회 권능을 침해하는 것은 형법 제87조 내란죄를 구성하는 요건으로 봤다. 당시 법원은 12·12 쿠데타와 5·18 광주민주항쟁 유혈 진압 등의 혐의에 유죄를 선고하면서 ""피고인들이 국회의사당을 병력으로 봉쇄하고 국회의원들의 출입을 금지하고, 이어 상당 기간 국회가 개회되지 못하였다면 이것은 헌법기관인 국회의 권능 행사를 사실상 불가능하게 한 것에 해당한다""고 판시한 바 있다. 하지만 내란죄가 인정되어도 '사안의 중대성' 등의 요소에 따라 대통령직 탄핵 여부가 갈린다는 것도 주목해야 할 부분이다. 사안의 중대성은 노 전 대통령 탄핵 사건에서 헌법재판소가 판결 기준으로 삼았던 것이다. 당시 헌재는 노 전 대통령의 선거 중립의무 위반을 인정했지만 ""파면할 만한 '중대한 직무상 위배'라고 보긴 어렵다""며 탄핵을 기각한 바 있다. 사진 출처,
EPA 이를 대입해 보면 윤 대통령의 경우 헌법·법률 위반은 인정된다 해도 국회 의결을 실질적으로 막지 않은 점, 국회 요구대로 바로 계엄을 해제한 점 등은 헌재가 파면에 이를 만큼 중대하지 않다고 판단할 수도 있다. 이와 더불어 인명과 재산 피해가 크지 않은 점 역시 참작될 가능성이 있다. 앞서 윤 대통령은 자신을 둘러싼 '내란죄' 관련해서 12일 대국민담화를 통해 ""2시간짜리 내란이라는 것이 있습니까? 질서 유지를 위해 소수의 병력을 잠시 투입한 것이 폭동이란 말입니까?""라고 반문한 바 있다. 다만 이런 윤 대통령의 주장은 곽종근 특수전사령관이 국방위원회에서 ""(대통령이 전화로) 의결 정족수가 아직 다 안 채워진 것 같으니 빨리 문을 부수고 들어가서 인원들을 끄집어내라고 했다""라고 한 발언과는 정면으로 배치되고 있다."
https://www.bbc.com/korean/articles/cm2l536eejjo;3명 빠진 헌법재판소, 탄핵 가결시 심리할 수 있을까?;탄핵 가결 이후 과정 시나리오 1: 기존 6인 체제로 심사 시나리오 2: 충원 후 9인 체제로 전환 심사;"사진 출처,
GETTY IMAGES 14일 탄핵소추안 가결 가능성이 높은 가운데, 가결되면 공은 헌법재판소로 넘어가게 된다. 하지만 헌재 재판관 9명 가운데 3명이 공석인 상황 속에서 심사가 가능한 것일까? 헌법 65조 3항에 따라 탄핵소추가 의결되면 윤석열 대통령은 권한 행사가 정지된다. 탄핵심판절차는 국회 법제사법위원장이 소추 의결서를 헌법재판소에 제출해 심판을 청구하면 시작된다. 탄핵 심판 사건은 사전 심사를 거치지 않고 즉시 전원재판부에 회부된다. 탄핵심판절차는 형사소송법을 따르기에 관련된 사람들을 증인으로 불러서 질문할 수 있고, 변론은 공개된다. 당사자가 참석하지 않아도 재판은 열릴 수 있다. 다만 앞서 탄핵 심판을 받았던 노무현·박근혜 전 대통령은 재판정에 출석한 전례는 없다. 헌법재판소법에 따라 헌재는 사건 접수 후 180일 이내 선고해야 한다. 다만 실제 심리 기간은 그보다 짧을 것으로 전망된다. 대통령 탄핵 사건이 접수 시 국가적 혼란을 방지하기 위해 헌재가 집중 심리를 하기 때문이다. 의결부터 선고까지 노 전 대통령은 63일, 박 전 대통령은 91일이 소요됐다. 현재 헌재는 재판관 9인 중 국회 추천 몫인 재판관 3인 공석으로 6인 체제로 운영되고 있다. 지난 10월 국회 몫 재판관 세 명이 퇴임한 뒤 여야가 후임자 선정을 두고 기싸움을 벌이다가 지연이 됐기 때문이다. 물론 6인 체제만으로 의결 정족수는 채워진다. 탄핵의 결론을 내기 위해 재판관 6명이 일치된 의견을 내면 파면을 결정할 수는 있다. 문제는 '심리' 단계에 있다. 헌재의 사건 판결까지는 접수->심리->평의-> 최종 결정으로 이뤄진다. 심리는 사건 관련해 구체적인 내용을 조사하고 심사하는 단계를 뜻한다. 헌법재판소법 23조 1항은 재판관이 7명 이상이어야 '심리'가 가능하다고 정해놓고 있다. 이 때문에 윤석열 대통령의 탄핵안이 국회에서 가결된다 하더라도 심리가 이뤄지지 않을 수 있다는 의문점이 제기됐었다. 결론을 내리지만, 그 전 과정인 심리가 불가능한 상황이 된 것이다. 다만 앞서 헌재는 재판소 기능 마비를 막기 위해 지난달 14일 헌재법 23조 1항의 효력을 임시로 정지했다. 이진숙 방송통신위원장이 낸 헌법소원 가처분을 받아들였기 때문이다. 이에 따라 6인 체제에서도 이론상 탄핵 사건 심리가 가능하다는 게 헌재 입장이다. 사진 출처,
GETTY IMAGES 앞서 문형배 헌법재판소장 권한대행은 ""헌법재판관 6인 체제에서도 최소한 변론을 할 수 있고 재판관 3명이 채워져야 본격적으로 심리할 수 있는 것은 아니다""고 밝힌 바 있다. 탄핵 사건의 결정까지도 가능한지에 대한 물음에 관해서는 ""논의해 보겠다""고 언급했다. 한편 박근혜 전 대통령 탄핵 결정도 당시 헌재소장이 없는 상태에서 권한대행 체제로 8명의 재판관이 결론을 냈다. 그러나 대통령 탄핵이라는 중대사를 8인도 아닌 6인이 결론 내리는 것에는 부담이 따를 수밖에 없다. 다양한 견해를 반영하기 위해 재판관을 9명까지 둔 만큼, 6인 체제로 탄핵을 결정할 경우 비판의 목소리도 나올 수 있다. 임지봉 서강대학교 법학전문대학원 교수는 이와 관련해 지난 11일 외신 간담회 자리에서 ""공석을 채우지 않고 6명으로 심리는 할 수가 있다""면서도 ""탄핵 여부에 대한 결정은 6명으로 할 수 없다""고 판단했다. 그는 헌법상 9명 중의 6명이 ""2/3 비율을 말하는 것이지 6명이라는 그 숫자를 말하는 게 아니다""라고 해석했다. 이어 임 교수는 ""헌법재판소가 6명으로 결정을 내리려 하지 않을 것""이라며 ""이는 매우 큰 정치적 부담을 안고 가는 결정이기 때문""이라고 내다봤다. 사진 출처,
GETTY IMAGES 현재 공석인 재판관 3명은 국회에서 추천하는 몫이다. 더불어민주당은 자당 추천 몫 재판관 인선에 속도를 내 올해 내에 임명동의안을 처리한다는 계획을 세우고 있다. 지난 4일 더불어민주당은 마은혁, 정계선 판사를 재판관 후보자로 추천하기로 결정했다. 국민의힘은 판사 출신 조한창 변호사를 추천할 것으로 알려졌다. 여야는 앞서 오는 22일까지 후임 재판관 추천 절차를 마무리하기로 했다. 다만 이 경우, 이후 일정이 늦춰질 수도 있다. 재판관에 대한 최종 임명권자인 대통령이나 대통령 권한대행이 국회 몫 재판관의 임명을 미룰 수도 있기 때문이다. 그러나 국회의 탄핵 소추 의결이 이뤄지고 탄핵에 대한 여론이 높아지면 임명을 무조건 지연시키긴 어려울 것으로 보인다. 임 교수는 ""헌법재판소가 9명으로 구성된 후 탄핵 여부에 대한 결정을 내리는 것이 혼란과 공론의 분열을 일으키지 않는 방법이 될 것""이라며 ""국회가 탄핵소추안을 통과시키면, 국회에서 여야 합의로 3명의 헌법재판관을 선출할 것으로 예상된다""고 덧붙였다."
https://www.bbc.com/korean/articles/cm2v1y3lzv4o;악명높은 시리아 알 아사드 정권의 '고문 감옥' 안에서;기록 정의 혹은 보복? 부정부패;"사진 출처,
BBC/FRED SCOTT 시리아 수도 다마스쿠스 중심부에서 차로 30분 정도 이동하면 어느 으스스한 언덕에 자리한 사야드나야 교도소가 보인다. 지난 며칠간 이곳 교도소 입구는 녹색, 흰색, 검은색으로 다시 칠해졌다. 시리아 혁명기의 색이다. 그러나 여전히 이곳에 맴도는 어둡고 불길한 분위기는 그대로다. 교도소 정문을 통해 걸어 들어가며 바로 이 길을 걸었을 시리아인 수천 명이 느꼈을 절망에 대해 생각했다. 추정치에 따르면 2011년 시리아 전쟁이 시작된 이후 몇 년간 이곳 사야드나야 교도소에서 사망한 수감자는 3만 명 이상이다. 바샤드 알 아샤드 정권이 운영하던 수용소에서 흔적도 없이 사라진 이들이 약 10만 명(대부분 남성이나 여성 수천 명 및 아동들도 포함돼 있다)임을 감안하면 매우 높은 비율이다. 알 아사드 정권이 운영하던 교도소 중에는 덜 잔혹한 곳도 있었다. 집으로 전화도 걸 수 있었으며, 가족들의 면회가 허용되는 곳도 있었다. 그러나 사야드나야 교도소는 이 정권의 가장 어둡고 썩어버린 부분이었다. 이곳에 끌려가 아무도 모르게 죽임당할 수도 있다는 두려움은 알 아사드 정권이 유지한 억압적인 통치 시스템의 핵심이었다. 우선 당국은 이곳에 수감된 이들의 가족에게 수감 사실을 알릴 필요가 없었다. 가족들이 최악의 상황을 우려하게 만드는 것도 압력을 가하는 또 다른 방법이었다. 정권은 무수히 많은 정보기관의 막강한 권한과 정보력, 야만성 및 일상적으로 자행하던 고문과 처형의 고문을 바탕으로 시리아 국민들의 목을 이토록 짓누를 수 있었다. 사실 나는 리비아를 통치했던 카다피가 운영했던 트리폴리의 아부 살렘 교도소와 아프가니스탄 카불 외곽 소재 풀-레-차르키 교도소 등 다른 악명 높은 교도소도 방문한 경험이 있다. 이곳을 운영하던 세력이 몰락한 이후 방문한 두 교도소 모두 사야드나야 교도소에 비하면 훨씬 나았다. 이 교도소만큼 더럽고 끔찍한 곳도 없다. 사야드나야 교도소 수감자들은 발 디딜 틈 없이 들어찬 감방에서 생활했으며, 화장실에도 제대로 가지 못해 비닐봉지에 소변을 봐야 했다. 자물쇠가 부서지면 수감자들은 더러운 헝겊과 담요 조각으로 몸을 가린 채 바닥에 누워 잠을 청해야만 했다. 기록으로 남아 있다시피 고문과 처형도 이뤄졌다. 해당 교도소가 해방된 지금, 앞으로 몇 달 동안 이곳에 수감됐던 이들로부터 이곳에서 과연 어떠한 끔찍한 일이 자행됐는지 더 많은 정보가 공개될 것이다. 사야드나야 교도소의 복도를 걷다 보면 알 아사드가 자신의 정권 유지를 위해 파괴한 국가를 복구하는 일이 얼마나 어려울지 느낄 수 있다. 현재 시리아처럼 이제 이 교도소의 문은 부서진 채 열려 있다. 이곳은 알 아사드 정권이 무너지고 휩쓸려간 이후 시리아가 직면한 여러 어려움을 모아둔 축소판이다. 우선 아사드 정권이 정확히 희생자들에게 어떤 짓을 벌였는지 기록하는 것은 쉽지 않을 것이다. 사야드나야 교도소 관련 기록을 보존하고자 자원봉사자들이 모여들었다. 불과 일주일 만에 시리아가 어떻게 변했는지 보여주는 좋은 사례다. 교도소 사무실 곳곳, 심지어 교도소 안뜰 콘크리트 바닥에도 여러 서류가 흩어져 있었다. 가족들은 흩어진 파일과 서류를 주어 혹시 이름, 날짜, 장소 등을 알아볼 수 있는지 살폈다. 이렇듯 어지러이 흩어진 기록은 마치 누군가 알 아사드의 통치 아래 이곳에서 무슨 일이 일어났는지 숨기고자 애쓴 흔적처럼 보였다. 몰락의 과정에서 독재자와 그 일당들이 진실을 은폐하지 않도록 막는 일은 더 나은 미래를 건설해나가는 과정에서 중요하다. 사진 출처,
BBC/FRED SCOTT 원래 음악가인 사파나 바클은 자원봉사자들에게 마스크와 파란색 고무장갑을 나눠주며 어떻게 문서를 촬영하고 수집해야 하는지 가이드라인을 전달했다. 바클은 자신을 비롯해 이곳에 모인 자원봉사자들이 아마추어임을 인정하면서 국제 인권 단체도 없고, 증거와 문서가 사라지고 있는 상황에서 자신들은 스스로 문제를 해결하고자 나섰다고 설명했다. 바클은 ""(우리의 노력 덕에) 누군가 사랑하는 이가 이곳에 없거나, 죽었다는 대답을 얻게 되면 그것만으로도 충분하다""고 했다. ""이곳은 정말 혼란스럽습니다 … 이 모든 혼란을 기록해야 하는 국제 단체는 대체 어디 있습니까?"" 이러한 기록 보존 활동은 단순히 수감자의 가족들에게 이곳에서 무슨 일이 일어났는지 답을 주기 위한 목적뿐만이 아니다. 언젠가 혹시 가해자들에 대한 재판이 열리는 날, 문서는 증거가 될 수 있다. 사진 출처,
BBC/FRED SCOTT 자원봉사자들이 직접 두 눈으로 확인한 진실은 충격 그 자체였다. 이곳 교도소의 악명이야 워낙 유명했으나, 예상보다 훨씬 심각했다. 자원봉사자로 나선 위다드 할라비는 1시간가량 감방에서 증거를 찾다 마스크를 벗고 그만 눈물을 흘렸다. ""나는 이곳에서 인간답지 않은 삶이 무엇인지 목격했습니다. 이들이 어떻게 살았을지, 무엇을 걸치고 있었을지 상상했습니다. 어떻게 이들은 이곳에서 숨을 쉬었을까요? 어떻게 먹었을까요? 기분이 어땠을까요?"" ""끔찍합니다 … 끔찍해요. 바닥에 소변 봉지가 쌓여 있습니다. 이들은 화장실에 갈 수 없어서 봉지에 소변을 봐야 했습니다. 악취도 심합니다. 이곳에는 햇빛은 물론 빛도 들어오지 않습니다. 우리가 평범한 삶을 살아가고 숨 쉬고 있을 때 이곳에서 사람들이 살고 있었다는 게 믿기지 않습니다."" 시리아 국민들과 새 정권이 이전 정권의 책임 있는 자들을 추적하기란 쉽지 않을 것이다. 우선 바샤르 알 아사드 대통령은 가족들과 함께 러시아로 도망쳤다. 알 아사드 일가 모두가 그렇듯 폭력과 부정부패로 악명 높은 남동생 마헤르 하페즈 알아사드의 경우 이라크에 있는 것으로 추정된다. 알 아사드의 친지 2명은 레바논으로 탈출하려다 반군과 마주쳤다. 로이터 통신에 따르면 그중 1명은 이후 벌어진 총격전 중 숨졌다고 한다. 일주일 전 시리아에 들어갔을 때 레바논으로 향하는 국경에는 차량 수백 대가 줄지어 있었다. 알 아사드 정권과 조금이라도 관련 있는 이들로, 새 정권이 들어서면 자신들은 위험에 빠질 것이라며 낙담한 채 떠나고 있었다. 동시에 이들과 반대로, 고향으로 돌아가고자 필사적으로 레바논에서 시리아로 향하는 이들도 수백 명이었다. 향후 알 아사드 대통령 및 그 가족들, 정권 수호를 위해 무기를 들었던 이들을 법적으로 기소하는 절차가 진행될 수도 있다. 그리고 그 과정에서 증거가 수집될 것이다. 그러나 정권이 몰락하기 직전 마지막 몇 시간 동안 벌어진 대탈출 행렬과 이후 이어진 혼란스러운 나날들로 인해 책임자들을 찾아내기란 어려울 것이다. 한편 사야드나야 교도소에서는 사람들이 필사적으로 정보를 얻고자 건물 이곳저곳을 헤매고 있었다. 실종자의 가족들로, 이들은 눈에 보이는 모든 것을 보며 혼란스러워하고 있었다. 12월의 추운 날씨에 이곳 교도소의 감방과 교도소에 있는 것만으로도 알 아사드 정권의 범죄와 관련된 사람들이 처벌받는 모습을 보고 싶다는 열망이 강해졌다. 한편 남성 몇몇이 교도소 안뜰에 모여 조용히 담배를 피우며 바닥에서 주워 온 서류를 훑어보고 있었다. 이곳에서 만난 모든 시리아인들이 미래는 과거에 대한 정의 실현 위에 세워져야 한다고 말했다. 실종된 아들, 형제, 사촌을 찾고 있다는 이 남성들은 사야드나야 교도소는 집단 무덤이라고 했다. 말 그대로, 이들은 바샤르 알 아사드의 목을 원한다고 했다. 누군가 그의 참수를 원한다고 외치자, 이들은 웅얼거리며 동의한다고 했다. 형을 찾고 있다는 아흐메드라는 청년도 마찬가지다. 아흐메드는 꿈에서 형이 나왔기에 아직도 형이 살아있다고 믿는다고 했다. 아흐메드 본인도 이곳 교도소에서 3년간 투옥됐었다고 한다. ""고문, 음식, 모든 것이 너무 끔찍했습니다. 정말 고통스러웠습니다."" 사진 출처,
BBC/FRED SCOTT 나이가 좀 더 있어 보이는 모하메드 칼라프라는 남성은 2014년 사라진 아들 자브르를 찾고 있다고 했다. 아들은 가족들과 아침 식사를 하던 중 정보 당국에 의해 끌려갔다. ""우리 같은 사람들이 많습니다. 카미슬리, 하사카, 데이르 알-주르, 알 라카 등에서 사람들이 사랑하는 가족의 행방을 알고자 찾아왔습니다. 자녀들의 행방을 찾아 길을 떠도는 사람이 수천 명입니다. 저뿐만이 아닙니다."" 한 감방 안에서는 알레포에서 왔다는 청년들을 만날 수 있었다. 금속 통에 불을 피워 추위를 피하고 있던 이들은 이리저리 흩어진 낡은 죄수복을 불태우고 있었다. 이들은 구금됐다가 실종된 형제들을 찾고 있다고 했다. 사야드나야 교도소에서 정보나 시신을 찾고 있는 다른 많은 이들과 마찬가지로 이들 또한 따로 호텔에 묵을 돈이 없어 형제들이 지냈을, 그리고 아마도 살해당했을 가능성이 높은 이곳 감방에서 불을 피우며 지내고 있었다. 그중 하나인 에제딘 칼릴은 2015년 9월 1일에 정권에 의해 납치된 형제를 찾고 있다고 했다. 이들 모두 가족이 납치된 정확한 날짜를 기억하고 있었다. ""형제가 살아 있는지, 죽었는지도 모릅니다. 시신을 받고 싶습니다. 죽었다면 소식을 듣고 싶습니다. 우리는 그저 알고 싶을 뿐입니다. 이제 무엇을 해야 할지 알고 싶습니다."" 그와 함께 있던 모하메드 라드완은 2012년에 구금된 형과 사촌을 찾고 있다고 했다. 정권이 무너지기 전날 밤, 냉동 트럭 22대가 시신을 수습하고자 이곳 교도소에 들어왔다는 소문이 돌고 있었다. 해당 소문의 사실 여부는 확인되지 않았으나, 칼릴과 라드완 모두 이 소문이 사실이라고 믿고 있었다. 지친 기색이 역력했던 라드완은 이내 분노가 치밀어 오르는 듯 알 아사드를 향한 비난을 쏟아냈다. ""이 돼지야, 냉동 트럭 22대는 어디로 빼돌린 거야? 이 범죄에 가담한 모든 사람들, 사야드나야 교도소 관련자들 모두 법의 심판을 받아야 합니다. 전부 다요! 이곳의 청소부일지라도 책임을 져야 합니다. 모두 책임을 져야 합니다."" ""이곳에서 무슨 일이 일어나고 있는지 알았다면, 적어도 가족들에게 사랑하는 사람이 살해, 학살, 교수형 또는 고문을 당했다고 말해줬어야 했기 때문입니다."" 두 사람은 이슬람식 기도로 마무리했다. ""알라는 내게 충분하시며, 진정으로 일을 가장 잘 처리하시는 분입니다."" 알 아사드와 그 일당들이 처벌받는 모습을 보고 싶다는 시리아 국민들의 이 같은 열망은 향후 몇 달간 동력으로 작용할 수도 있다. 시리아 국민들은 자신들을 괴롭혔던 이들이 처벌받는 모습을 볼 수 있길 바란다. 한편 알 아사드 가문은 시리아를 마치 자신들의 개인 계좌처럼 이용했다. 이들은 수익성이 좋은 통신 및 모바일 시장을 장악했으며, 수익이 나는 기업의 지분을 차지했다. 알 아사드 일가가 현금을 긁어모으는 동안 국민들은 전쟁으로 파괴되고 탐욕스럽고 부패한 정권에 의해 거덜 난 경제 상황 속에서 생계를 꾸려 나가고자 발버둥쳤다. 앞으로 시리아에는 새로운 통치자들이 들어서겠지만, 이들이 물려받을 것이라고는 엄청난 국가 빚과 땅에 떨어진 시리아 통화 가치이다. 시리아 돈을 쓰레기봉투 가득 채워야 수백달러 정도다. 한편 부정부패는 교도소 시스템에도 침투했다. 지옥 같은 감옥에서 몇 년간 살지 않고자 피해자와 가족들은 거액을 지불하면서까지 나오고자 했다. 하산 아부 슈와브(31)는 과거 테러(알 아사드 정권이 반정부 활동을 표현한 단어) 혐의로 사형 선고를 받고 11년간 복역했다. 조용한 말투의 슈와브는 자신은 무장 단체에 가담한 적이 없다고 주장했다. 캐나다 유학 제안을 받아 여권 신청에 필요한 서류를 발급받던 중 구금됐다고 설명했다. 슈와브의 형은 그를 빼내고자 가족들이 5차례에 걸쳐 총 5만달러(약 7000만원)의 뇌물을 건넸다고 말했다. 그러나 번번이 관료들은 돈만 받고 슈와브를 풀어주지 않은 채 입을 닫았다. 정권이 무너지기 몇 주 전에는 어느 판사로부터 5만달러를 주면 슈와브를 풀어주겠다는 제안을 받기도 했다고 한다. 체포된 슈와브는 군 정보기관 심문실에 80일 동안 구금돼 고문을 당했다. 그 과정에서 다리 하나가 부러지기도 했다. 슈와브에 따르면 함께 감방에서 지낸 49세 남성은 3일간의 고문 끝에 사망했다고 한다. 교도소 측은 그의 사망 원인을 뇌졸중으로 기록했다. 사진 출처,
BBC/FRED SCOT 슈와브는 집에 돌아와 너무 기쁘다고 했다. ""11년 만에 어머니가 안아주셨을 때의 그 기분은 말로 표현할 수 없습니다. 집과 살던 마을로 돌아가는 것보다 좋은 일이란 없습니다."" 그러나 많은 시리아인이 그렇듯, 미래에 대한 슈와브의 낙관적인 시각은 몰락한 정권의 지도자와 그 일당들이 잘못에 대한 대가를 치러야 한다는 생각에서 출발한다. ""그들은 벌을 받아야 합니다. 우리는 돌이 아니라 영혼을 지닌 인간입니다. 그리고 살인을 저지른 이들은 공개적으로 처형되어야 합니다. 그렇지 않으면 우리는 이 상황을 극복해나가지 못할 것입니다."" ""우리는 잊고 앞으로 나아가야 합니다. 이것은 모든 시리아인의 행복입니다. 우리는 우리가 맡았던 일과 책임으로 돌아가 삶을 살아가야 합니다. 우리는 잊어야 합니다. 우리는 (역사의) 페이지를 넘겼습니다. 모든 슬픔을 뒤로해야 합니다."" 반군 조직 '하야트타흐리르알샴(HTS)'의 지도자 또한 전쟁 당시 사용했던 가명인 '아부 모하메드 알-졸라니' 대신 자신의 본명인 '아흐메드 알-샤라'를 사용하기 시작했다. 이제 앞을 내다보자는 메시지가 담겨 있다. 정의를 원하는 시민들이 스스로 해결하겠다고 나서며 혼란한 상황이 벌어지는 것을 원치 않는다면 알-샤라는 축출된 이전 정권의 책임자들을 정의의 심판대에 세우고자 집중해야 할 것이다. 미래는 힘들고 과거는 고통으로 가득 차 있다. 이곳 다마스쿠스에서는 마치 한 국가의 어깨에 집단적인 짐이 내리누르는 것처럼 느껴진다. 시리아 국민들은 자신들이 직면한 문제가 얼마나 깊은지 잘 알고 있다. 알 아사드의 몰락으로 생겨난 낙관적인 분위기를 계속 유지하고 싶은 이들은 이제 진전을 원한다."
https://www.bbc.com/korean/articles/cd9xx9gzdpeo;'탄핵 투표하러 가장 먼저 돌아온' 국힘 김예지 단독 인터뷰;당론 어기며 탄핵안 투표한 이유 '계엄령, 참담함을 느꼈다' 탄핵 소추안 '재발의' 된다면;"""마음이 무거웠고 긴장도 굉장히 많이 했습니다."" 국민의힘 김예지 의원은 어제저녁, 탄핵 투표에 참석한 것에 대한 심경을 이렇게 표현했다. 그는 8일 BBC 코리아에 다른 여당 의원들과 퇴장했다가 먼저 돌아왔던 연유를 최초로 밝혔다. ""우리 당이 만들어서 세운 대통령을 탄핵 소추하는 안건에 대해서 표결을 해야 된다는 정말 무거운 마음이 하나 있었고, 당론을 어긴 것에 대한 두 번째 무거운 마음이 있었습니다"" 김 의원은 7일 있었던 윤석열 대통령에 대한 탄핵소추안 표결 과정에서 국민의힘 의원들이 줄줄이 퇴장한 가운데 가장 먼저 뛰어 돌아와 표결에 참여했다. 그는 피아니스트 출신 첫 여성 시각장애인 국회의원으로 비례대표로서 재선한 인물이다. 김 의원을 비롯해 투표에 참여한 여당 의원은 안철수 의원과 김상욱 의원 세 명이다. 안 의원은 본회의 전부터 윤석열 대통령이 퇴진 일정을 수립하지 않을 경우 탄핵 찬성 입장을 유지하겠다고 밝혔지만, 김예지 의원은 아니었다. 퇴장하고 난 후, 당시 상황에 대해 그는 구체적으로 말할 순 없다면서도 한 마디로 '혼란스러움'이라고 표현했다. 그의 목소리에도 약간의 떨림이 묻어났다. ""거의 발 디딜 틈 없을 만큼 인파가 많았고, 밖에서 탄핵하라고 외치시는 시민 분들이 이미 많이 들어와 계셨고 방송 기자님들도 많았고…. 다양하게 혼란스러운 상황들이 있었습니다. "" 김 의원은 여당 내에서 돌아가는 것을 말리는 목소리가 있었느냐는 질문에 대해선 ""그런 것은 없었다""고 선을 그었다. 사진 출처,
뉴스1 김예지 의원은 왜 '표결에 참여하지 않기로 한' 당론을 어기면서까지 투표에 참여한 것일까. 그는 ""어제 토요일 탄핵 표결이 있던 날, (대통령) 담화를 보고 혼란을 막는 방법이 탄핵을 부결시키는 방법만 있지는 않겠다라는 생각을 했다""며 ""무엇보다도 주변 시민 여러분들의 목소리를 그냥 간과할 수가 없었다""고 말했다. 야당 측에서 '돌아오십시오'라며 여당 의원들의 이름을 한 명씩 부를 때 그 소리도 다 들었다. ""(본회의장) 주변에 있었기 때문에 들었습니다. 바로 앞에 있었지만 자리에 없었던 것이라 조금은 마음이 그렇긴 했지만 듣고 있었습니다. 또 굳이 뭐 저렇게 한 분씩 부르나 그런 생각도 좀 들기도 했구요."" 투표 후은 반응은 감당하기 어려울 정도였다. 김예지 의원은 ""당원분들로부터의 정말 대응할 수 없을 만큼의 안 좋은 문자와 음성 메시지들이 많은데 '이제 나가라', '사퇴해라' 등의 이야기도 많다""고 했다. 그러면서 ""변명이라고 하고 싶지는 않지만 단순히 '나는 당론을 어길 거야' 해서 어긴 것이 아니라고 말씀드리고 싶고, 저는 항상 국회의원으로서의 책무를 먼저 생각한 것""이라고 말했다. 그는 당시 안에 있던 야당 의원들에 대해선 이렇게 말했다. ""제가 좀 깜짝 놀랐던 것은 표결할 때 '와주셔서 감사합니다'라는 말씀을 하시더라고요. 야당을 위해서 온 건 아닌데하는 의문이 들었지만...다만 저는 감사를 받을 자격은 없고요. 제가 대리해야 하는 시민분들을 대신해서 들어간 것이기 때문에 그냥 너무 당연한 일을 한 것이었습니다."" 김 의원 이후 본회의장에 돌아온 김상욱 의원에 대해선 '동지 의식'이 들었다고 했다. ""당론을 어겼지만, 이제 저랑 같은 마음으로 오신 분이 있었구나라는 안도감이랄까 또 동지 의식이 들었습니다."" 그는 무기명 방식인 투표 내용을 알리는 것이 옳지 않다고 본다면서도 탄핵 가결표에 '찬성표'를 던졌다고 했다. 그는 지난 3일, 비상계엄령이 발동했을 당시, 다른 의원들처럼 국회로 뛰어갔다. 그 역시 담을 넘어서 본회의장에 가려 했지만 불가능한 상황이었다. 앞서 4일 김 의원은 페이스북에 당시 상황에 대해 ""늘 배리어프리의 중요성을 외쳤던 제가 물리적 '배리어'를 느끼는 암담하고 절박한 순간이었다""고 묘사했다. 그러면서 ""몸은 장벽으로 본회의장에 함께할 수 없었지만, 비상계엄 해제 결의에 대한 마음은 이미 찬성 버튼을 백만 번은 더 눌렀던 것 같다""고 했다. 그는 계엄령이 장애인들에겐 얼마나 더 두렵고 절박한 상황이 될 수 있는지를 이번에 경험하며 ""참담함을 느꼈다""고 했다. ""청각장애인 분들 같은 경우에는 계엄 선포조차 수어 통역이 되지 않고, 자막이 나오지 않아서 전혀 알 수가 없었어요. 비상계엄이 전시 상황은 아니었기 때문에 다행이지만 정말 전시 상황이었다면 이분들이 어떻게 대피를 해야 될지 그리고 어떤 상황인지조차 판단하시지 못했을 수도 있겠다는 무거운 마음이 들었습니다."" 사진 출처,
국회의장실 제공 김예지 의원에 따르면 현재 국민의힘 내부 분위기를 ""혼란스러움 속에서도 수습을 하려고 노력 중""이라고 묘사했다. ""저는 여기 온 지 4년 반 정도 됐지만 20년 넘게 당을 지켜오신 의원님들은 당이 무너질까 봐 더 어려워질까 하며 우려하는 생각들을 많이 하고 계신 것 같습니다. 그 외에도 우리 당이 거듭났으면 하는 그런 개혁의 목소리들도 있고요."" 국민의힘 초재선 소장파 의원들과 앞서 제안했던 임기단축 개헌 관련해선 당시 국정을 안정시키기 위해 고심했던 방안이었다고 설명했다. ""우선은 국정·경제·외교 안정화가 필요하기 때문에 거기에 맞는 조치를 당과 대통령께서 빨리 좀 신속하게 조치를 하시는 것이 우선이 되어야 되고, 개헌이라든가 또 다른 옵션에 대해서는 여야 합의가 필요하기 때문에 함께 논의를 해야 한다고 생각을 합니다."" 김 의원은 민주당 쪽에는 지금 탄액안 외에도 예산 마무리에 신경을 써달라고 요청했다. ""꼭 필요한 예산들, 또 삭감된 것 중에 정말 해야 되는 예산들 그리고 또 증액해야 될 것들이 있어요. 정부안에 담기지 못해서 국회에서 증액한 것들 챙겼으면 좋겠습니다."" 그는 인터뷰 중간중간 들리는 국회의사당 앞에서 항의하는 시민들의 목소리가 들릴 때 잠깐 멈추기도 했다. 그는 국민께 '죄송하다'고 했다. ""지금도 잘 들립니다. 밖에서 계속 말씀을 하시죠. 어제는 더 잘 들렸고요. 정부 여당 의원의 한 사람으로서 국민들께서 표를 주셔서 이렇게 일을 하라고 명하신 심부름꾼의 한 사람으로서 굉장히 죄송하다는 말씀을 드리고 싶습니다."" 현재 탄핵 소추안이 폐기된 상황에서 야당은 재발의를 계획하고 있다. 그때도 같은 행동을 할 것이냐는 물음에 김 의원은 ""탄핵안 재발의 여부와 관계없이 의견은 제 생각과 또 민의를 반영한다는 마음은 같다""고 했다. 또다시 돌아와서 같은 내용의 표를 던지겠냐고 묻자 이런 답이 돌아왔다. ""단지 제가 말씀드릴 수 있는 건…. 국회의원의 책무에만 신경 쓰겠습니다."" 영상: 최유진"
